Timestamp,Sensor,AccX,AccY,AccZ,GyrX,GyrY,GyrZ,MagX,MagY,MagZ,Temp
2026/04/13 15:03:58.00,IMU,-46.39,-22.46,-1020.02,-0.98,-0.82,-0.02,-50.40,18.15,31.65,28.4
2026/04/13 15:03:58.10,IMU,-75.68,-22.95,-1010.74,2.79,3.14,-0.71,-50.85,19.05,32.25,28.4
2026/04/13 15:03:58.20,IMU,-46.39,-10.74,-1020.51,1.14,0.76,0.12,-49.95,20.40,32.70,28.4
2026/04/13 15:03:58.30,IMU,-42.48,-12.70,-1004.88,0.53,-1.30,-1.24,-49.80,20.25,33.00,28.4
2026/04/13 15:03:58.40,IMU,-59.08,-11.23,-1005.37,-0.17,-2.53,2.05,-49.80,20.25,33.30,28.2
2026/04/13 15:03:58.50,IMU,-48.34,-12.70,-1027.34,-1.90,1.14,-1.89,-49.80,19.80,33.30,28.3
2026/04/13 15:03:58.60,IMU,-53.22,-8.30,-1009.28,-1.74,-1.34,-0.09,-51.00,19.35,33.90,28.4
2026/04/13 15:03:58.70,IMU,-151.37,-73.73,-895.02,0.60,-3.76,3.40,-51.45,20.10,33.90,28.6
2026/04/13 15:03:58.80,IMU,-85.94,-11.72,-1046.88,1.05,-1.18,3.13,-50.55,20.55,32.25,28.5
2026/04/13 15:03:58.90,IMU,-54.20,-28.32,-1026.37,-0.10,-0.09,0.38,-50.40,19.35,33.45,28.4
2026/04/13 15:03:59.00,IMU,-74.22,-25.39,-994.14,-0.65,1.29,1.91,-50.85,19.05,32.25,28.3
2026/04/13 15:03:59.11,IMU,-78.61,-39.06,-1073.24,2.51,-0.93,-0.79,-49.95,20.40,32.40,28.4
2026/04/13 15:03:59.21,IMU,-56.15,-16.60,-1006.84,-0.86,-0.08,-0.47,-51.45,18.90,32.40,28.4
2026/04/13 15:03:59.31,IMU,-58.11,-8.79,-1024.90,1.31,2.50,-0.05,-50.70,19.35,32.40,28.4
2026/04/13 15:03:59.41,IMU,-48.83,-17.09,-1020.51,-0.01,-1.06,-0.55,-51.30,19.80,33.30,28.2
2026/04/13 15:03:59.51,IMU,-47.36,-4.88,-1012.21,-0.16,-1.35,-1.73,-50.55,19.05,32.25,28.4
2026/04/13 15:03:59.61,IMU,-39.06,-18.07,-938.96,-1.49,-8.57,1.01,-51.00,19.35,33.15,28.5
2026/04/13 15:03:59.71,IMU,-63.96,36.13,-1018.55,4.37,-10.15,-2.93,-49.95,19.35,34.65,28.2
2026/04/13 15:03:59.81,IMU,-54.69,-11.72,-1025.39,-0.06,0.64,1.10,-50.40,18.15,33.45,28.6
2026/04/13 15:03:59.91,IMU,-35.16,-13.18,-1021.48,0.11,-0.85,0.48,-51.00,18.60,32.40,28.4
2026/04/13 15:04:00.01,IMU,-34.67,-23.93,-1016.11,0.34,0.34,-0.15,-51.00,18.90,32.40,28.4
2026/04/13 15:04:00.11,IMU,-41.99,-17.09,-1006.84,0.79,-0.75,-2.11,-50.85,18.30,31.50,28.3
2026/04/13 15:04:00.21,IMU,-48.83,-16.60,-1018.07,-2.36,0.63,0.46,-52.95,19.35,32.40,28.4
2026/04/13 15:04:00.31,IMU,-94.24,-52.73,-1082.03,0.15,4.47,3.21,-51.75,19.65,33.45,28.4
2026/04/13 15:04:00.41,IMU,-56.15,2.44,-1025.88,0.66,-1.89,-1.08,-52.05,18.30,33.00,28.4
2026/04/13 15:04:00.51,IMU,-36.62,-18.07,-1025.39,-0.40,0.12,3.01,-50.55,20.25,32.25,28.5
2026/04/13 15:04:00.61,IMU,-36.62,6.35,-995.12,-1.66,3.98,-6.95,-51.45,18.90,33.90,28.4
2026/04/13 15:04:00.71,IMU,38.57,-11.23,-1079.59,1.76,-0.17,-0.63,-51.60,19.50,34.35,28.4
2026/04/13 15:04:00.81,IMU,-78.12,-23.44,-996.09,-1.85,-0.50,-1.26,-50.40,20.40,32.40,28.4
2026/04/13 15:04:00.91,IMU,-27.34,-12.21,-1062.50,-1.01,5.65,-2.18,-51.45,17.40,32.70,28.3
2026/04/13 15:04:01.01,IMU,-79.59,81.05,-766.11,-1.91,-3.95,1.94,-49.35,18.75,35.10,28.4
2026/04/13 15:04:01.11,IMU,-46.39,-4.39,-1051.76,2.22,1.45,-2.11,-51.60,17.55,33.60,28.4
2026/04/13 15:04:01.21,IMU,-60.55,-17.09,-990.23,-0.61,-1.77,1.32,-52.20,19.35,34.65,28.3
2026/04/13 15:04:01.31,IMU,-60.06,-0.49,-1000.98,0.21,-0.08,-0.88,-51.75,18.90,36.00,28.5
2026/04/13 15:04:01.41,IMU,-22.95,-3.42,-1018.55,-0.08,-0.88,-5.98,-50.85,18.00,35.55,28.4
2026/04/13 15:04:01.51,IMU,-63.96,-2.44,-1018.07,0.11,-1.83,-1.02,-51.60,19.05,34.35,28.4
2026/04/13 15:04:01.61,IMU,-59.08,-13.67,-1001.46,-0.25,-1.39,1.18,-52.35,18.00,36.15,28.5
2026/04/13 15:04:01.71,IMU,-61.04,13.67,-972.17,0.56,0.48,-0.03,-52.20,18.90,35.25,28.4
2026/04/13 15:04:01.82,IMU,-57.62,-39.06,-1022.95,1.07,-2.73,-0.10,-52.20,18.60,36.45,28.4
2026/04/13 15:04:01.92,IMU,-70.80,-211.91,-962.40,0.51,0.15,-12.53,-51.00,20.10,34.65,28.6
2026/04/13 15:04:02.02,IMU,-63.48,-21.97,-1021.48,-0.27,-2.92,-0.57,-49.20,18.60,34.20,28.6
2026/04/13 15:04:02.12,IMU,-59.08,-22.95,-1019.53,0.25,-1.21,-2.51,-51.75,17.40,34.65,28.4
2026/04/13 15:04:02.22,IMU,-40.04,-18.55,-1020.02,-2.07,0.32,-4.66,-50.85,19.05,35.10,28.4
2026/04/13 15:04:02.32,IMU,-54.69,-18.07,-1037.11,-0.53,0.95,-0.07,-51.30,18.75,35.55,28.4
2026/04/13 15:04:02.42,IMU,-32.23,-14.16,-1012.70,-0.57,0.51,-1.17,-51.60,19.05,33.30,28.4
2026/04/13 15:04:02.52,IMU,-79.10,-36.13,-1136.72,0.16,5.91,1.52,-49.95,18.90,34.95,28.4
2026/04/13 15:04:02.62,IMU,-57.62,-14.65,-1020.02,0.95,-0.95,-1.28,-52.35,18.75,35.10,28.4
2026/04/13 15:04:02.72,IMU,-58.59,-22.95,-1019.53,-1.63,-0.26,0.41,-49.95,18.60,33.90,28.3
2026/04/13 15:04:02.82,IMU,-57.13,-13.67,-1019.53,1.32,0.63,-0.97,-51.00,19.35,33.45,28.3
2026/04/13 15:04:02.92,IMU,-47.85,-20.02,-1005.86,1.81,-0.60,-0.46,-50.70,18.60,34.20,28.5
2026/04/13 15:04:03.02,IMU,-59.08,-24.41,-1016.60,-0.24,2.14,0.09,-50.40,18.60,34.20,28.4
2026/04/13 15:04:03.12,IMU,-48.34,-13.18,-1021.48,0.25,-0.18,0.40,-50.85,19.80,31.80,28.3
2026/04/13 15:04:03.22,IMU,-40.04,8.30,-1007.81,-0.85,0.17,2.75,-50.70,19.35,34.65,28.5
2026/04/13 15:04:03.32,IMU,-41.02,-7.81,-1012.70,-0.86,0.85,0.82,-49.95,19.65,34.20,28.4
2026/04/13 15:04:03.42,IMU,-55.66,-16.11,-1003.42,-0.79,0.15,-1.08,-50.70,18.60,32.40,28.4
2026/04/13 15:04:03.52,IMU,-53.71,-10.74,-1013.67,0.63,1.07,-1.40,-50.85,18.75,33.00,28.4
2026/04/13 15:04:03.62,IMU,-60.06,-11.72,-1014.16,-0.22,0.98,-0.53,-50.40,18.90,33.45,28.6
2026/04/13 15:04:03.72,IMU,-63.48,-21.48,-1017.09,-0.40,1.09,-0.64,-50.40,18.90,33.90,28.4
2026/04/13 15:04:03.82,IMU,-48.83,-18.07,-1015.14,-0.54,-1.37,-1.44,-50.55,20.25,34.05,28.5
2026/04/13 15:04:03.92,IMU,-56.64,-11.23,-1017.09,-0.67,1.26,-0.69,-50.85,19.80,33.60,28.4
2026/04/13 15:04:04.02,IMU,-59.08,-8.79,-1022.95,-0.19,0.47,-1.02,-50.70,19.35,32.70,28.4
2026/04/13 15:04:04.12,IMU,-53.71,-11.23,-1011.23,2.33,-1.24,-0.29,-52.50,18.60,35.70,28.6
2026/04/13 15:04:04.22,IMU,-60.55,-7.81,-1023.44,0.57,2.03,2.24,-51.00,18.90,32.70,28.4
2026/04/13 15:04:04.32,IMU,-46.39,-12.21,-1014.16,-0.11,2.09,1.72,-48.90,20.85,32.40,28.2
2026/04/13 15:04:04.42,IMU,-49.32,-9.77,-1017.09,0.93,-0.27,0.59,-51.60,19.05,31.80,28.6
2026/04/13 15:04:04.53,IMU,-49.80,-16.60,-953.13,-1.52,0.19,-0.48,-51.45,20.40,33.90,28.2
2026/04/13 15:04:04.63,IMU,-54.69,-26.86,-1023.44,-0.78,0.60,1.40,-51.00,18.90,32.70,28.4
2026/04/13 15:04:04.73,IMU,-46.88,-20.51,-1009.77,0.09,0.41,-1.53,-48.75,20.25,31.50,28.3
2026/04/13 15:04:04.83,IMU,-44.43,-14.65,-1013.18,-0.36,-0.36,1.41,-50.10,19.80,31.20,28.3
2026/04/13 15:04:04.93,IMU,-65.92,-15.14,-1017.58,0.85,-1.85,-2.19,-50.70,20.40,32.70,28.6
2026/04/13 15:04:05.03,IMU,-49.32,-17.58,-1018.07,0.44,-0.02,-1.17,-50.10,18.75,31.80,28.6
2026/04/13 15:04:05.13,IMU,-33.20,36.62,-945.80,0.26,-6.90,0.65,-52.95,18.90,37.50,28.4
2026/04/13 15:04:05.23,IMU,-57.62,-17.09,-1011.23,1.38,1.69,-2.11,-51.30,19.50,32.25,28.4
2026/04/13 15:04:05.33,IMU,-61.04,-18.07,-1021.48,1.52,2.13,-1.53,-50.85,19.80,32.25,28.4
2026/04/13 15:04:05.43,IMU,-59.08,-19.53,-1006.84,-0.65,-1.40,-0.76,-51.45,20.10,32.10,28.6
2026/04/13 15:04:05.53,IMU,-56.64,-28.32,-1013.67,0.66,0.17,0.77,-48.30,19.05,32.25,28.5
2026/04/13 15:04:05.63,IMU,-67.38,-7.32,-1019.04,-1.35,1.87,-0.11,-51.00,18.60,31.65,28.4
2026/04/13 15:04:05.73,IMU,-47.85,-16.60,-1025.88,-1.60,1.15,-2.47,-50.55,19.50,32.55,28.3
2026/04/13 15:04:05.83,IMU,-60.06,-23.93,-1014.16,1.34,-2.89,-2.33,-50.10,18.75,33.00,28.4
2026/04/13 15:04:05.93,IMU,-61.04,-5.37,-1014.65,1.66,0.94,-1.82,-50.40,19.35,31.35,28.3
2026/04/13 15:04:06.03,IMU,-49.32,-16.60,-999.02,-0.60,-0.98,-2.45,-50.70,20.40,32.70,28.1
2026/04/13 15:04:06.13,IMU,-51.76,-18.55,-1004.39,0.20,0.31,-1.21,-49.65,20.10,33.15,28.4
2026/04/13 15:04:06.23,IMU,-48.34,-4.88,-1018.55,0.44,-0.37,0.24,-51.30,19.05,32.55,28.4
2026/04/13 15:04:06.33,IMU,-57.13,-13.18,-1014.16,0.56,1.37,0.96,-49.95,18.90,33.45,28.4
2026/04/13 15:04:06.43,IMU,-56.15,-19.53,-1006.35,-0.87,-2.11,-2.47,-49.65,20.10,32.70,28.5
2026/04/13 15:04:06.53,IMU,-51.76,-15.14,-997.56,-0.43,-1.08,-1.40,-51.30,18.75,33.00,28.5
2026/04/13 15:04:06.63,IMU,-71.29,-27.83,-1008.79,1.48,-1.72,2.33,-50.40,20.10,33.15,28.6
2026/04/13 15:04:06.73,IMU,-50.29,-22.46,-1011.23,1.21,0.55,-0.74,-49.95,20.10,32.70,28.4
2026/04/13 15:04:06.83,IMU,-53.22,-16.11,-1013.18,-1.31,0.82,1.14,-49.80,19.80,33.00,28.4
2026/04/13 15:04:06.93,IMU,-62.99,-6.35,-1036.62,1.32,0.45,2.78,-50.40,19.35,31.35,28.5
2026/04/13 15:04:07.03,IMU,-42.48,-23.44,-1013.18,1.05,0.35,0.95,-50.70,18.90,32.10,28.4
2026/04/13 15:04:07.13,IMU,-49.32,-13.67,-1029.79,0.19,-0.14,3.80,-50.85,19.80,32.25,28.4
2026/04/13 15:04:07.24,IMU,-40.53,-13.18,-1016.60,0.17,2.95,-0.56,-49.80,19.80,33.60,28.5
2026/04/13 15:04:07.34,IMU,-52.25,-17.09,-1023.93,1.53,1.40,-0.63,-50.70,18.60,32.10,28.2
2026/04/13 15:04:07.44,IMU,-61.52,-12.21,-1002.44,-0.38,1.06,-0.49,-50.40,20.85,32.70,28.6
2026/04/13 15:04:07.54,IMU,-49.80,-12.70,-1000.49,0.35,-1.30,1.57,-50.55,20.25,32.25,28.6
2026/04/13 15:04:07.64,IMU,-51.76,-21.00,-1001.46,-1.73,0.57,-1.99,-51.75,18.60,30.90,28.6
2026/04/13 15:04:07.74,IMU,-54.69,-3.91,-1005.37,-1.32,2.33,-0.66,-51.30,19.80,33.00,28.0
2026/04/13 15:04:07.84,IMU,-62.01,-19.53,-1015.14,0.12,-1.13,-0.15,-51.45,19.35,31.35,28.4
2026/04/13 15:04:07.94,IMU,-55.18,-24.41,-1002.44,-0.54,0.11,3.59,-50.70,19.65,31.65,28.4
2026/04/13 15:04:08.04,IMU,-50.29,-23.44,-1010.25,0.94,2.05,1.08,-50.40,20.10,32.40,28.4
2026/04/13 15:04:08.14,IMU,-58.11,-20.51,-1024.90,2.11,0.88,0.67,-50.70,18.60,32.40,28.6
2026/04/13 15:04:08.24,IMU,-55.18,-17.58,-1022.95,-1.81,-0.68,-0.28,-52.35,19.50,32.25,28.4
2026/04/13 15:04:08.34,IMU,-49.32,-4.39,-1023.93,0.63,1.89,1.02,-50.85,19.50,33.00,28.6
2026/04/13 15:04:08.44,IMU,-51.27,-20.02,-1016.11,-0.94,1.24,-0.62,-49.95,17.70,33.45,28.4
2026/04/13 15:04:08.54,IMU,-64.45,-17.58,-1006.35,0.79,0.58,0.03,-51.00,18.90,34.95,28.6
2026/04/13 15:04:08.64,IMU,-62.99,-32.23,-1016.60,-0.98,1.53,3.33,-51.00,18.60,32.70,28.4
2026/04/13 15:04:08.74,IMU,-48.83,-20.02,-1018.07,-1.66,1.09,-1.71,-50.85,19.50,33.30,28.4
2026/04/13 15:04:08.84,IMU,-54.20,-20.02,-1016.60,-0.17,0.82,-2.41,-50.55,19.80,33.60,28.4
2026/04/13 15:04:08.94,IMU,-46.88,-25.88,-1013.67,0.82,-2.43,-2.23,-52.05,18.00,32.55,28.4
2026/04/13 15:04:09.04,IMU,-51.76,-1.46,-1021.97,-0.43,-1.16,-0.68,-51.00,19.35,33.90,28.3
2026/04/13 15:04:09.14,IMU,-53.71,-2.44,-1012.70,-0.27,-1.09,0.57,-51.00,20.10,34.20,28.4
2026/04/13 15:04:09.24,IMU,-50.29,-13.18,-1016.60,-0.18,0.84,0.85,-50.40,18.90,33.90,28.5
2026/04/13 15:04:09.34,IMU,-66.41,-14.65,-1020.51,0.61,0.01,0.44,-51.00,18.90,33.45,28.4
2026/04/13 15:04:09.44,IMU,-49.32,-14.65,-1000.49,-0.39,2.40,0.60,-51.75,19.35,34.65,28.4
2026/04/13 15:04:09.54,IMU,-53.71,-19.04,-1015.14,1.71,-0.92,-0.02,-51.30,18.30,34.35,28.4
2026/04/13 15:04:09.64,IMU,-64.45,-10.25,-1008.30,2.24,2.40,0.54,-50.40,18.90,34.20,28.4
2026/04/13 15:04:09.74,IMU,-64.45,-10.25,-1001.46,1.55,0.50,0.66,-48.90,19.35,34.20,28.4
2026/04/13 15:04:09.84,IMU,-52.73,-10.74,-1008.30,-0.04,-0.04,-0.26,-50.55,18.30,34.05,28.5
2026/04/13 15:04:09.95,IMU,-52.25,-9.77,-1016.11,-1.82,1.59,0.03,-51.00,17.70,35.70,28.5
2026/04/13 15:04:10.05,IMU,-59.57,-19.53,-1021.00,1.45,0.32,-0.70,-51.30,19.50,34.05,28.4
2026/04/13 15:04:10.15,IMU,-74.71,-13.67,-1004.88,-0.24,1.08,-1.34,-50.85,18.75,33.00,28.4
2026/04/13 15:04:10.25,IMU,-54.20,-5.37,-1020.51,0.06,2.85,1.22,-50.85,19.05,34.80,28.6
2026/04/13 15:04:10.35,IMU,-52.73,-12.21,-1019.53,-0.23,1.15,0.75,-51.00,18.60,33.90,28.6
2026/04/13 15:04:10.45,IMU,-64.94,-13.67,-1018.55,0.11,1.80,-0.79,-49.80,17.55,33.60,28.5
2026/04/13 15:04:10.55,IMU,-60.55,-13.18,-1018.55,0.93,-0.78,-0.95,-50.10,18.30,33.30,28.4
2026/04/13 15:04:10.65,IMU,-52.25,-25.88,-1014.16,-0.11,0.31,-0.46,-50.55,18.30,33.00,28.4
2026/04/13 15:04:10.75,IMU,-55.18,-13.67,-1006.35,0.05,2.53,0.88,-51.45,18.90,33.45,28.4
2026/04/13 15:04:10.85,IMU,-40.04,-18.07,-1018.55,0.79,0.39,0.94,-50.40,18.60,34.20,28.4
2026/04/13 15:04:10.95,IMU,-59.57,-17.58,-1020.02,-0.73,1.82,-1.24,-51.00,17.70,33.15,28.4
2026/04/13 15:04:11.05,IMU,-55.18,-14.16,-1012.21,-0.43,0.21,1.89,-50.55,18.30,34.05,28.2
2026/04/13 15:04:11.15,IMU,-55.18,-24.90,-1011.72,0.82,0.98,1.18,-51.75,19.65,34.65,28.5
2026/04/13 15:04:11.25,IMU,-59.57,-14.16,-1010.74,-0.65,0.15,-0.60,-50.10,19.05,34.35,28.2
2026/04/13 15:04:11.35,IMU,-44.43,-5.86,-1009.28,1.45,-0.42,3.78,-49.80,18.75,34.05,28.5
2026/04/13 15:04:11.45,IMU,-56.64,-0.98,-1005.86,-0.80,-1.64,1.66,-50.70,19.65,34.65,28.6
2026/04/13 15:04:11.55,IMU,-59.57,-10.74,-955.08,1.40,0.62,-2.34,-50.70,19.65,34.20,28.4
2026/04/13 15:04:11.65,IMU,-63.96,-21.00,-1011.72,0.81,-1.27,-0.11,-50.10,18.75,35.10,28.0
2026/04/13 15:04:11.75,IMU,-70.31,-14.16,-1015.63,0.24,-0.32,-3.68,-49.35,17.55,35.85,28.5
2026/04/13 15:04:11.85,IMU,-45.90,-3.42,-1014.16,0.34,-0.47,0.27,-49.95,18.15,35.25,28.4
2026/04/13 15:04:11.95,IMU,-64.94,-11.72,-1015.63,0.08,0.62,-0.88,-50.40,20.10,32.70,28.6
2026/04/13 15:04:12.05,IMU,-52.73,-18.07,-1015.14,-0.58,1.02,1.04,-50.10,18.75,34.80,28.4
2026/04/13 15:04:12.15,IMU,-55.18,-14.16,-1009.28,-0.34,1.05,1.44,-50.10,18.75,34.80,28.5
2026/04/13 15:04:12.25,IMU,-46.88,-12.21,-1013.67,-0.69,0.33,-0.75,-51.00,18.15,39.30,28.5
2026/04/13 15:04:12.35,IMU,-49.80,-9.77,-1023.44,0.13,-1.13,0.07,-50.40,20.85,34.95,28.5
2026/04/13 15:04:12.45,IMU,-61.52,-5.37,-1015.14,0.03,-0.27,0.25,-51.60,18.30,35.10,28.4
2026/04/13 15:04:12.55,IMU,-48.34,-18.55,-1020.02,-0.01,-0.13,1.08,-50.85,19.50,35.55,28.4
2026/04/13 15:04:12.66,IMU,-56.15,-23.44,-1006.84,-0.36,-0.64,0.45,-49.80,19.05,34.80,28.4
2026/04/13 15:04:12.76,IMU,-40.53,1.46,-1015.63,0.59,-0.44,-0.57,-50.40,20.10,34.20,28.4
2026/04/13 15:04:12.86,IMU,-47.85,-14.65,-1011.23,-0.89,0.79,-0.66,-49.80,18.75,34.80,28.5
2026/04/13 15:04:12.96,IMU,-55.66,-21.97,-1018.55,-0.26,-0.13,-0.28,-51.45,19.35,33.45,28.5
2026/04/13 15:04:13.06,IMU,-41.02,-29.79,-1014.65,0.59,0.88,-1.69,-50.40,19.65,33.90,28.5
2026/04/13 15:04:13.16,IMU,-58.11,-11.23,-1014.16,1.24,2.11,-1.62,-50.55,18.30,33.60,28.2
2026/04/13 15:04:13.26,IMU,-54.20,-13.67,-1017.58,0.52,1.48,-0.53,-53.85,16.80,39.75,28.4
2026/04/13 15:04:13.36,IMU,-60.06,-6.84,-1014.16,1.01,1.85,-0.76,-50.85,20.55,33.60,28.5
2026/04/13 15:04:13.46,IMU,-59.57,-18.07,-1012.21,-0.38,-0.87,-1.21,-51.30,19.05,34.35,28.4
2026/04/13 15:04:13.56,IMU,-62.01,-14.16,-1019.53,-1.13,0.13,1.39,-50.55,19.05,33.30,28.5
2026/04/13 15:04:13.66,IMU,-69.34,-12.21,-1025.39,0.10,-0.72,0.89,-49.80,19.80,34.35,28.4
2026/04/13 15:04:13.76,IMU,-57.62,-10.25,-1021.97,-0.31,2.67,-0.27,-50.40,18.90,35.25,28.5
2026/04/13 15:04:13.86,IMU,-59.08,-26.37,-1005.86,-1.87,-2.48,-1.73,-50.55,19.05,34.05,28.4
2026/04/13 15:04:13.96,IMU,-54.20,-19.04,-1024.90,1.37,0.93,2.33,-50.40,18.15,34.65,28.7
2026/04/13 15:04:14.06,IMU,-55.18,-25.39,-1022.95,-1.23,-0.15,0.92,-51.30,19.80,34.05,28.6
2026/04/13 15:04:14.16,IMU,-58.11,-18.07,-1018.07,-0.19,0.67,0.00,-49.20,20.10,36.75,28.6
2026/04/13 15:04:14.27,IMU,-52.25,-22.46,-1013.67,-1.42,1.92,0.56,-54.00,16.20,40.65,28.4
2026/04/13 15:04:14.37,IMU,-65.43,-17.58,-1020.51,0.57,-0.47,3.24,-48.45,19.35,34.95,28.6
2026/04/13 15:04:14.47,IMU,-60.55,-8.30,-1004.88,-0.50,-1.81,-1.63,-49.80,19.50,34.80,28.4
2026/04/13 15:04:14.57,IMU,-65.92,-21.97,-1032.23,-2.05,2.27,0.15,-49.95,19.35,34.65,28.1
2026/04/13 15:04:14.67,IMU,-65.43,-15.14,-1009.77,1.16,-0.76,-2.14,-51.00,20.10,35.25,28.5
2026/04/13 15:04:14.77,IMU,-59.57,-7.81,-1021.00,-0.18,3.20,0.01,-49.95,21.15,33.90,28.6
2026/04/13 15:04:14.87,IMU,-51.27,-28.81,-1017.58,0.60,1.24,0.19,-50.10,19.05,33.30,28.4
2026/04/13 15:04:14.97,IMU,-51.76,-25.88,-1025.39,-0.09,0.37,-0.44,-49.95,18.90,33.90,28.4
2026/04/13 15:04:15.07,IMU,-54.69,-23.44,-1011.72,0.71,-0.21,-0.98,-50.55,19.80,34.35,28.4
2026/04/13 15:04:15.17,IMU,-63.96,-20.51,-1017.09,-2.05,-1.08,0.82,-49.80,19.05,34.80,28.4
2026/04/13 15:04:15.27,IMU,-44.92,-20.51,-1023.93,1.24,1.69,2.27,-49.80,18.75,34.05,28.7
2026/04/13 15:04:15.37,IMU,-54.20,-12.70,-1007.32,-0.47,-0.83,1.74,-51.30,19.05,34.35,28.5
2026/04/13 15:04:15.47,IMU,-56.64,-5.37,-1018.07,-1.23,-0.24,-0.52,-50.55,19.80,35.10,28.4
2026/04/13 15:04:15.57,IMU,-65.43,-14.65,-1013.18,2.11,0.53,-0.06,-51.45,18.15,33.15,28.4
2026/04/13 15:04:15.67,IMU,-56.64,-7.32,-1011.23,-0.69,-1.63,-1.03,-49.65,19.35,35.70,28.0
2026/04/13 15:04:15.78,IMU,-56.15,-12.21,-1002.44,1.47,2.15,-0.12,-51.00,16.65,34.65,28.4
2026/04/13 15:04:15.88,IMU,-61.52,-12.21,-1015.63,-0.86,-2.96,-0.01,-49.05,19.50,34.35,28.4
2026/04/13 15:04:15.98,IMU,-66.89,-20.51,-1023.93,-0.27,-0.85,-1.66,-49.80,20.25,36.60,28.4
2026/04/13 15:04:16.08,IMU,-62.50,-18.07,-1008.79,-0.79,1.01,-3.08,-51.30,19.05,35.85,28.5
2026/04/13 15:04:16.18,IMU,-62.01,-14.65,-1028.32,-0.46,-2.25,-0.80,-50.40,20.40,34.95,28.4
2026/04/13 15:04:16.28,IMU,-51.76,-20.02,-1024.41,-0.04,-1.89,-0.59,-49.95,19.65,34.95,28.5
2026/04/13 15:04:16.38,IMU,-58.59,-27.83,-1019.04,0.35,0.76,-2.93,-50.70,18.90,36.75,28.5
2026/04/13 15:04:16.48,IMU,-68.85,-9.77,-1012.21,-0.31,-1.17,-1.53,-49.80,18.30,35.55,28.4
2026/04/13 15:04:16.58,IMU,-60.55,-11.72,-1020.02,0.42,0.49,0.41,-49.80,19.50,35.85,28.2
2026/04/13 15:04:16.68,IMU,-53.71,-22.46,-1005.86,-0.51,1.72,-0.61,-51.45,17.70,34.65,28.4
2026/04/13 15:04:16.78,IMU,-64.94,-25.88,-1015.14,0.01,0.53,-0.32,-50.55,18.30,33.60,28.6
2026/04/13 15:04:16.88,IMU,-55.66,-0.49,-1006.84,0.42,0.42,-0.63,-49.35,18.75,35.10,28.6
2026/04/13 15:04:16.98,IMU,-46.39,-11.72,-1008.30,-0.20,-0.31,-0.73,-48.30,19.50,35.55,28.6
2026/04/13 15:04:17.08,IMU,-58.11,-29.30,-1023.93,0.15,0.15,1.18,-49.80,18.60,36.75,28.6
2026/04/13 15:04:17.18,IMU,-63.48,-23.44,-1024.90,-1.53,2.76,2.51,-50.70,20.40,35.70,28.4
2026/04/13 15:04:17.28,IMU,-55.66,-20.51,-1015.63,1.88,0.93,0.92,-50.40,18.90,34.65,28.6
2026/04/13 15:04:17.38,IMU,-63.48,-7.32,-1024.41,-0.57,1.47,2.23,-50.55,19.80,34.05,28.6
2026/04/13 15:04:17.48,IMU,-62.01,-15.14,-1010.74,-0.34,1.03,2.07,-50.40,18.90,34.95,28.6
2026/04/13 15:04:17.58,IMU,-51.76,-5.37,-1014.16,-0.92,1.18,-1.53,-50.55,18.00,35.10,28.4
2026/04/13 15:04:17.68,IMU,-62.01,-5.86,-1016.60,0.76,-0.06,-0.16,-50.10,17.55,35.55,28.6
2026/04/13 15:04:17.78,IMU,-48.34,-14.16,-1003.91,-0.04,-0.37,-1.61,-51.30,19.05,34.05,28.4
2026/04/13 15:04:17.88,IMU,-45.90,-1.95,-994.14,-0.52,2.12,-0.25,-50.70,18.90,34.95,28.4
2026/04/13 15:04:17.98,IMU,-60.55,-7.81,-1016.60,0.49,1.08,0.79,-50.55,19.50,36.15,28.4
2026/04/13 15:04:18.08,IMU,-74.22,-19.04,-1018.07,-0.59,-0.16,-2.40,-50.70,19.65,34.95,28.4
2026/04/13 15:04:18.18,IMU,-56.15,-10.25,-1020.51,0.82,-0.16,-1.53,-50.70,18.60,36.00,28.5
2026/04/13 15:04:18.28,IMU,-54.20,-8.30,-1013.18,0.48,0.60,-0.29,-50.40,18.90,35.70,28.1
2026/04/13 15:04:18.38,IMU,-61.04,-14.65,-1028.32,0.77,-0.31,-0.56,-50.40,18.90,35.25,28.4
2026/04/13 15:04:18.49,IMU,-59.08,-32.23,-1001.95,1.19,0.24,-2.28,-49.80,17.55,34.80,28.5
2026/04/13 15:04:18.59,IMU,-62.50,-19.04,-1015.14,2.37,0.50,-1.72,-49.95,18.60,36.00,28.5
2026/04/13 15:04:18.69,IMU,-61.52,-24.90,-1021.00,2.05,1.15,-0.75,-50.10,18.75,34.80,28.2
2026/04/13 15:04:18.79,IMU,-63.48,-17.58,-1008.79,-0.07,1.02,0.97,-49.95,20.85,36.75,28.5
2026/04/13 15:04:18.89,IMU,-63.96,-30.76,-1007.32,-1.17,-0.15,0.50,-51.00,19.35,35.70,28.5
2026/04/13 15:04:18.99,IMU,-57.13,-29.79,-1018.55,2.24,1.64,0.48,-51.00,17.40,34.20,28.4
2026/04/13 15:04:19.09,IMU,-44.43,-16.60,-979.00,0.37,2.09,-0.75,-50.55,19.80,35.55,28.6
2026/04/13 15:04:19.19,IMU,-72.75,-21.00,-1019.53,-0.61,1.27,0.81,-49.05,19.50,35.85,28.2
2026/04/13 15:04:19.29,IMU,-52.73,-12.21,-1052.73,0.69,0.07,0.85,-51.00,19.65,36.00,28.6
2026/04/13 15:04:19.39,IMU,-53.71,-9.28,-1008.79,0.22,3.16,0.43,-51.60,18.75,36.15,28.3
2026/04/13 15:04:19.49,IMU,-69.34,-16.11,-1012.70,-1.58,0.87,1.95,-49.80,19.05,35.85,28.4
2026/04/13 15:04:19.59,IMU,-62.01,-15.63,-1017.58,0.24,-0.76,0.66,-51.00,17.40,38.25,28.4
2026/04/13 15:04:19.69,IMU,-63.96,-19.04,-1021.97,0.10,-0.36,-1.45,-51.60,17.55,37.95,28.4
2026/04/13 15:04:19.79,IMU,-75.20,-9.77,-1021.97,-0.88,-1.15,1.13,-51.45,20.10,38.25,28.6
2026/04/13 15:04:19.89,IMU,-71.29,-23.44,-1019.53,-0.11,-1.15,0.13,-51.00,18.90,40.35,28.6
2026/04/13 15:04:19.99,IMU,-72.27,-17.58,-1003.91,-0.32,-1.94,-2.03,-50.85,18.00,42.75,28.5
2026/04/13 15:04:20.09,IMU,-68.85,-13.18,-1005.37,2.84,-2.71,0.69,-51.45,16.95,46.80,28.4
2026/04/13 15:04:20.19,IMU,-69.34,-16.60,-1025.39,0.77,-1.69,0.86,-52.80,17.55,50.25,28.3
2026/04/13 15:04:20.29,IMU,-86.43,-34.67,-1024.41,-0.81,-1.18,-0.05,-52.95,15.90,54.45,28.4
2026/04/13 15:04:20.39,IMU,-81.05,-20.51,-1019.53,-0.48,0.30,-0.37,-52.80,17.25,54.30,28.3
2026/04/13 15:04:20.49,IMU,-84.96,-9.77,-1007.32,-1.73,3.51,1.45,-52.20,16.20,52.95,28.4
2026/04/13 15:04:20.59,IMU,-52.25,-11.72,-1017.58,0.09,-1.47,-5.65,-53.25,16.65,49.05,28.4
2026/04/13 15:04:20.69,IMU,-125.49,-18.07,-1007.81,0.34,0.01,-0.47,-53.10,16.50,52.80,28.6
2026/04/13 15:04:20.79,IMU,-66.41,-20.51,-1013.18,1.26,-0.95,-1.02,-53.10,16.05,53.55,28.6
2026/04/13 15:04:20.89,IMU,-74.71,-20.02,-1007.81,0.59,-1.34,0.02,-52.80,15.75,56.10,28.4
2026/04/13 15:04:20.99,IMU,-86.43,-33.20,-1018.55,-0.20,2.02,-2.52,-51.45,15.15,56.25,28.5
2026/04/13 15:04:21.09,IMU,-83.01,-33.69,-1013.67,-0.37,-0.03,-2.55,-54.75,16.20,56.25,28.3
2026/04/13 15:04:21.20,IMU,-69.82,-26.86,-1005.86,-0.57,1.83,-3.80,-54.45,15.90,58.80,28.4
2026/04/13 15:04:21.30,IMU,-95.21,-36.62,-1007.81,-0.56,2.50,-1.55,-54.00,15.45,57.00,28.4
2026/04/13 15:04:21.40,IMU,-91.80,-24.41,-1007.81,0.09,0.50,0.83,-55.05,14.70,60.60,28.6
2026/04/13 15:04:21.50,IMU,-75.68,-41.02,-1021.00,0.59,-0.64,-2.15,-53.85,16.80,58.20,28.6
2026/04/13 15:04:21.60,IMU,-81.54,-25.39,-1016.11,2.50,0.27,-0.85,-52.35,17.25,57.45,28.3
2026/04/13 15:04:21.70,IMU,-79.59,-15.14,-1007.32,-0.38,-0.86,-1.69,-52.20,15.15,57.75,28.5
2026/04/13 15:04:21.80,IMU,-80.57,-31.25,-1014.65,-2.35,-0.44,-1.42,-52.80,16.05,58.95,28.4
2026/04/13 15:04:21.90,IMU,-90.33,-23.93,-1021.97,0.37,-0.12,0.99,-52.95,16.20,57.00,28.6
2026/04/13 15:04:22.00,IMU,-71.78,-26.37,-1011.23,-0.09,1.60,-2.24,-51.60,16.80,58.20,28.4
2026/04/13 15:04:22.10,IMU,-74.22,-22.46,-998.54,-0.20,1.73,-0.03,-52.50,18.15,58.05,28.5
2026/04/13 15:04:22.20,IMU,-92.77,-21.48,-1006.35,-0.15,-0.35,-0.50,-52.80,17.55,58.95,28.4
2026/04/13 15:04:22.30,IMU,-76.17,-23.44,-1009.77,-0.28,-0.01,-0.01,-52.35,14.85,57.90,28.6
2026/04/13 15:04:22.40,IMU,-81.54,-19.53,-1008.79,-0.60,-3.71,-1.56,-56.25,14.70,62.40,28.5
2026/04/13 15:04:22.50,IMU,-70.31,-21.97,-1016.60,1.62,-0.54,0.30,-52.50,16.65,58.05,28.4
2026/04/13 15:04:22.60,IMU,-85.94,-23.44,-1009.28,0.50,-1.66,3.22,-51.30,17.55,56.70,28.5
2026/04/13 15:04:22.70,IMU,-83.01,-30.27,-1016.60,0.37,-1.15,-2.76,-53.70,16.95,55.80,28.6
2026/04/13 15:04:22.80,IMU,-84.47,-30.27,-1025.39,-0.14,2.84,-0.27,-52.20,17.40,57.30,28.4
2026/04/13 15:04:22.90,IMU,-72.27,-26.86,-1020.51,-0.79,0.34,0.63,-51.45,15.45,56.55,28.6
2026/04/13 15:04:23.00,IMU,-91.31,-27.83,-1009.77,-0.53,-0.49,2.59,-50.85,15.30,57.90,28.7
2026/04/13 15:04:23.10,IMU,-88.38,-20.51,-1019.53,-0.98,2.54,-0.15,-52.50,15.45,58.05,28.4
2026/04/13 15:04:23.20,IMU,-72.75,-28.81,-1011.72,-0.09,0.66,1.59,-52.35,17.25,57.15,28.6
2026/04/13 15:04:23.30,IMU,-79.10,-43.95,-1013.67,-0.56,-0.92,0.26,-50.85,16.80,56.10,28.4
2026/04/13 15:04:23.41,IMU,-86.91,-22.95,-1009.77,1.12,0.13,-2.49,-52.50,16.65,55.80,28.6
2026/04/13 15:04:23.51,IMU,-79.59,-22.46,-1010.74,-0.76,-0.08,-1.84,-52.50,15.90,55.80,28.4
2026/04/13 15:04:23.61,IMU,-94.24,-32.71,-1017.09,0.47,1.18,0.81,-51.75,16.65,55.50,28.6
2026/04/13 15:04:23.71,IMU,-78.61,-20.02,-1011.72,-1.16,1.98,1.11,-51.75,15.45,55.80,28.3
2026/04/13 15:04:23.81,IMU,-72.27,-20.51,-1019.04,0.32,0.52,-1.28,-51.75,15.90,57.00,28.6
2026/04/13 15:04:23.91,IMU,-66.41,-19.53,-1024.41,-0.03,-0.75,-0.50,-52.05,16.05,57.90,28.4
2026/04/13 15:04:24.01,IMU,-75.68,-24.41,-1015.63,-0.63,0.33,1.11,-52.20,17.70,56.25,28.4
2026/04/13 15:04:24.11,IMU,-81.05,-26.37,-1015.63,-1.31,0.31,0.53,-50.55,16.80,56.40,28.6
2026/04/13 15:04:24.21,IMU,-84.96,-18.55,-1008.30,-0.04,-0.08,-0.13,-52.50,15.90,57.75,28.5
2026/04/13 15:04:24.31,IMU,-94.73,-16.60,-1017.58,1.13,-1.95,-0.38,-51.60,16.80,55.35,28.4
2026/04/13 15:04:24.41,IMU,-71.78,-31.74,-1014.16,-0.32,-0.41,1.88,-52.80,16.50,55.65,28.2
2026/04/13 15:04:24.52,IMU,-94.73,-25.39,-1023.93,-1.53,-0.65,2.10,-52.95,17.70,55.50,28.4
2026/04/13 15:04:24.62,IMU,-87.89,-39.06,-1012.70,-1.16,1.02,1.19,-51.30,16.50,56.70,28.4
2026/04/13 15:04:24.72,IMU,-81.05,-22.46,-1006.84,-0.11,0.27,-3.45,-52.05,17.25,55.65,28.4
2026/04/13 15:04:24.82,IMU,-58.59,20.51,-752.44,1.08,-5.18,2.68,-52.35,16.05,54.90,28.3
2026/04/13 15:04:24.92,IMU,-87.89,-24.90,-1019.04,0.22,0.67,0.42,-52.50,16.65,56.55,28.4
2026/04/13 15:04:25.02,IMU,-77.15,-21.97,-1013.67,0.99,-0.88,-0.97,-51.30,17.55,55.35,28.7
2026/04/13 15:04:25.12,IMU,-77.15,-26.86,-1014.16,0.12,-0.60,-1.21,-52.20,17.40,53.40,28.3
2026/04/13 15:04:25.22,IMU,-88.38,-24.41,-1021.97,1.82,0.56,-0.79,-52.50,15.15,54.45,28.5
2026/04/13 15:04:25.32,IMU,-76.17,-30.27,-979.98,0.62,-2.66,0.98,-50.55,16.50,53.55,28.5
2026/04/13 15:04:25.42,IMU,-64.94,-25.88,-1021.00,1.23,-1.76,-0.87,-52.50,16.20,52.65,28.6
2026/04/13 15:04:25.52,IMU,-79.59,-24.90,-1014.16,-1.14,-1.37,0.98,-52.50,17.40,54.75,28.4
2026/04/13 15:04:25.62,IMU,-72.75,-25.88,-1018.55,0.41,0.12,1.82,-51.60,16.80,53.55,28.2
2026/04/13 15:04:25.72,IMU,-86.43,-12.70,-1022.46,-1.37,2.06,-0.82,-50.85,15.75,53.85,28.2
2026/04/13 15:04:25.82,IMU,-86.43,-29.79,-1019.53,0.55,1.59,-1.94,-53.10,17.55,53.85,28.5
2026/04/13 15:04:25.92,IMU,-85.45,-12.70,-1005.86,-0.40,2.32,-3.05,-51.00,17.40,52.20,28.5
2026/04/13 15:04:26.02,IMU,-70.31,-14.65,-996.58,-2.54,1.00,1.18,-51.00,16.95,52.65,28.4
2026/04/13 15:04:26.12,IMU,-84.47,-33.69,-950.20,0.50,-0.77,-0.24,-52.05,17.55,52.80,28.6
2026/04/13 15:04:26.22,IMU,-79.10,-26.37,-1005.86,-0.74,-0.66,0.93,-51.30,16.65,54.45,28.4
2026/04/13 15:04:26.32,IMU,-81.05,-14.16,-1026.37,-1.13,1.42,0.49,-51.00,16.95,54.75,28.4
2026/04/13 15:04:26.42,IMU,-73.73,-26.86,-1018.55,-0.92,-0.38,1.19,-51.60,15.75,54.60,28.6
2026/04/13 15:04:26.52,IMU,-68.85,-18.07,-1002.44,1.00,-0.83,-0.43,-52.20,16.95,54.45,28.6
2026/04/13 15:04:26.62,IMU,-77.15,-21.48,-1015.63,1.47,0.37,-0.41,-51.45,17.70,53.55,28.2
2026/04/13 15:04:26.72,IMU,-78.12,-22.46,-992.68,0.38,-1.50,-2.36,-51.45,16.95,54.00,28.6
2026/04/13 15:04:26.82,IMU,-70.80,-20.51,-1027.83,-0.14,0.18,-0.73,-51.75,17.40,54.00,28.4
2026/04/13 15:04:26.92,IMU,-83.98,-34.67,-1021.48,0.29,-0.96,2.22,-51.00,17.40,54.75,28.5
2026/04/13 15:04:27.02,IMU,-71.78,-21.00,-1006.84,0.52,1.15,0.28,-50.10,17.25,55.35,28.2
2026/04/13 15:04:27.13,IMU,-73.24,-47.85,-1028.32,0.82,0.54,0.60,-50.10,17.55,53.55,28.4
2026/04/13 15:04:27.23,IMU,-84.47,-24.41,-1012.21,-0.60,-0.25,-2.03,-50.10,16.80,54.90,28.6
2026/04/13 15:04:27.33,IMU,-74.71,-31.25,-1012.70,-1.67,2.13,-1.76,-50.40,17.40,55.50,28.2
2026/04/13 15:04:27.43,IMU,-70.31,-22.46,-1019.04,-0.43,0.53,4.51,-50.40,17.70,54.45,28.5
2026/04/13 15:04:27.53,IMU,-72.27,-18.07,-1004.39,0.65,1.08,0.68,-50.85,16.50,55.65,28.4
2026/04/13 15:04:27.63,IMU,-61.04,-25.88,-1016.60,-1.50,0.44,-0.05,-52.05,17.55,55.65,28.5
2026/04/13 15:04:27.73,IMU,-82.52,-17.58,-1013.18,0.46,0.54,0.13,-51.00,17.40,54.45,28.2
2026/04/13 15:04:27.83,IMU,-71.29,-21.97,-1025.39,0.02,1.19,2.44,-51.45,17.40,54.75,28.3
2026/04/13 15:04:27.93,IMU,-80.08,-13.67,-1016.60,0.26,-0.09,-2.22,-50.85,16.80,54.90,28.3
2026/04/13 15:04:28.03,IMU,-75.20,-30.27,-1016.11,0.33,0.31,-0.77,-50.70,18.15,55.20,28.4
2026/04/13 15:04:28.13,IMU,-81.54,-29.30,-1020.51,0.61,1.19,-0.89,-51.30,17.55,56.10,28.4
2026/04/13 15:04:28.23,IMU,-83.50,-19.04,-1000.98,-0.07,0.12,1.16,-51.75,16.95,53.70,28.5
2026/04/13 15:04:28.33,IMU,-72.75,-23.44,-1007.81,0.34,-0.39,0.37,-52.20,16.65,56.55,28.4
2026/04/13 15:04:28.43,IMU,-78.12,-23.93,-1006.84,0.89,0.14,0.51,-52.95,17.40,56.25,28.3
